{"A": 0.0032884993124753237, "B": 0.004323431756347418, "C": 0.992388129234314}
